Flow Duration,Total Fwd Packet,Total Length of Fwd Packet,Fwd Packet Length Max,Fwd Packet Length Min,Fwd Packet Length Mean,Fwd Packet Length Std,Fwd IAT Total,Fwd IAT Mean,Fwd IAT Std,Fwd IAT Max,Fwd IAT Min,Fwd PSH Flags,Fwd URG Flags,Fwd RST Flags,Fwd Header Length,Fwd Packets/s,SYN Flag Count,FIN Flag Count,RST Flag Count,PSH Flag Count,ACK Flag Count,URG Flag Count,Subflow Fwd Packets,Subflow Fwd Bytes,FWD Init Win Bytes,Fwd Act Data Pkts,Fwd Seg Size Min,Fwd Segment Size Avg,d_fwd_bytes_per_pkt,d_fwd_hdr_per_pkt,d_fwd_pkts_per_s,d_fwd_bytes_per_s,d_fwd_iat_cv,d_fwd_len_cv,d_fwd_len_range,d_subflow_bytes_per_pkt,d_fwd_hdr_ratio,d_fwd_active_ratio,Label
86002.0,7.0,291.0,291.0,0.0,41.57143,109.98766,86002.0,14333.667,30408.342,75987.0,1.0,1.0,0.0,1.0,232.0,81.393456,2.0,1.0,1.0,2.0,12.0,0.0,0.0,22.0,29200.0,1.0,32.0,41.57143,41.57143,33.142857,81.393456,3383.6423,2.1214628,2.6457512,291.0,,0.79725087,0.14285715,DoS Hulk
218.0,2.0,76.0,38.0,38.0,38.0,0.0,2.0,2.0,0.0,2.0,2.0,0.0,0.0,0.0,16.0,9174.312,0.0,0.0,0.0,0.0,0.0,0.0,0.0,19.0,0.0,1.0,8.0,38.0,38.0,8.0,9174.312,348623.84,0.0,0.0,0.0,,0.21052632,0.5,BENIGN
203022.0,6.0,325.0,325.0,0.0,54.166668,132.6807,203022.0,40604.4,82143.84,187025.0,1.0,1.0,0.0,1.0,200.0,29.553448,2.0,1.0,1.0,2.0,11.0,0.0,0.0,27.0,29200.0,1.0,32.0,54.166668,54.166668,33.333332,29.553448,1600.8118,2.0230281,2.4494896,325.0,,0.61538464,0.16666667,DoS Hulk
48182.0,2.0,116.0,58.0,58.0,58.0,0.0,1.0,1.0,0.0,1.0,1.0,0.0,0.0,0.0,16.0,41.509277,0.0,0.0,0.0,0.0,0.0,0.0,0.0,29.0,0.0,1.0,8.0,58.0,58.0,8.0,41.509277,2407.538,0.0,0.0,0.0,,0.13793103,0.5,BENIGN
219.0,2.0,70.0,35.0,35.0,35.0,0.0,47.0,47.0,0.0,47.0,47.0,0.0,0.0,0.0,16.0,9132.42,0.0,0.0,0.0,0.0,0.0,0.0,0.0,17.0,0.0,1.0,8.0,35.0,35.0,8.0,9132.42,319634.72,0.0,0.0,0.0,,0.22857143,0.5,BENIGN
9.397301e+06,8.0,20.0,20.0,0.0,2.5,7.071068,9.397301e+06,1.3424716e+06,3.034181e+06,8.14117e+06,3.0,1.0,0.0,1.0,172.0,0.8513083,2.0,1.0,1.0,2.0,13.0,0.0,0.0,1.0,8192.0,1.0,20.0,2.5,2.5,21.5,0.8513083,2.1282706,2.2601454,2.828427,20.0,,8.6,0.125,DDoS
23694.0,2.0,80.0,40.0,40.0,40.0,0.0,4.0,4.0,0.0,4.0,4.0,0.0,0.0,0.0,16.0,84.40955,0.0,0.0,0.0,0.0,0.0,0.0,0.0,20.0,0.0,1.0,8.0,40.0,40.0,8.0,84.40955,3376.3823,0.0,0.0,0.0,,0.2,0.5,BENIGN
192418.0,4.0,0.0,0.0,0.0,0.0,0.0,192418.0,64139.332,54974.19,127618.0,32322.0,0.0,0.0,0.0,92.0,20.788076,2.0,2.0,0.0,0.0,5.0,0.0,0.0,0.0,8192.0,0.0,20.0,0.0,0.0,23.0,20.788076,0.0,0.8571058,,0.0,,,0.0,BENIGN
1.1704863e+08,24.0,697.0,312.0,0.0,29.041666,78.34454,1.1704863e+08,5.089071e+06,4.9777435e+06,1.0079948e+07,3.0,4.0,0.0,0.0,776.0,0.20504297,2.0,2.0,0.0,8.0,43.0,0.0,0.0,15.0,29200.0,4.0,32.0,29.041666,29.041666,32.333332,0.20504297,5.9547896,0.9781242,2.6976602,312.0,,1.1133429,0.16666667,BENIGN
158995.0,7.0,339.0,339.0,0.0,48.42857,128.12996,158995.0,26499.166,57798.25,144033.0,0.0,1.0,0.0,1.0,232.0,44.026543,2.0,1.0,1.0,2.0,12.0,0.0,0.0,26.0,29200.0,1.0,32.0,48.42857,48.42857,33.142857,44.026543,2132.1426,2.1811347,2.6457515,339.0,,0.6843658,0.14285715,DoS Hulk
31024.0,2.0,88.0,44.0,44.0,44.0,0.0,3.0,3.0,0.0,3.0,3.0,0.0,0.0,0.0,16.0,64.46622,0.0,0.0,0.0,0.0,0.0,0.0,0.0,22.0,0.0,1.0,8.0,44.0,44.0,8.0,64.46622,2836.5137,0.0,0.0,0.0,,0.18181819,0.5,BENIGN
23155.0,1.0,47.0,47.0,47.0,47.0,0.0,0.0,0.0,0.0,0.0,0.0,0.0,0.0,0.0,8.0,43.187218,0.0,0.0,0.0,0.0,0.0,0.0,0.0,23.0,0.0,0.0,8.0,47.0,47.0,8.0,43.187218,2029.7992,,0.0,0.0,,0.17021276,0.0,BENIGN
58991.0,8.0,337.0,337.0,0.0,42.125,119.14749,58991.0,8427.286,13500.633,37003.0,3.0,1.0,0.0,3.0,228.0,135.6139,2.0,2.0,3.0,2.0,10.0,0.0,0.0,24.0,29200.0,1.0,20.0,42.125,42.125,28.5,135.6139,5712.736,1.6020143,2.828427,337.0,,0.67655784,0.125,DoS Hulk
23733.0,2.0,72.0,36.0,36.0,36.0,0.0,3.0,3.0,0.0,3.0,3.0,0.0,0.0,0.0,16.0,84.27084,0.0,0.0,0.0,0.0,0.0,0.0,0.0,18.0,0.0,1.0,8.0,36.0,36.0,8.0,84.27084,3033.7505,0.0,0.0,0.0,,0.22222222,0.5,BENIGN
24496.0,2.0,74.0,37.0,37.0,37.0,0.0,1.0,1.0,0.0,1.0,1.0,0.0,0.0,0.0,16.0,81.64598,0.0,0.0,0.0,0.0,0.0,0.0,0.0,18.0,0.0,1.0,8.0,37.0,37.0,8.0,81.64598,3020.9014,0.0,0.0,0.0,,0.21621622,0.5,BENIGN
1.179132e+08,27.0,840.0,257.0,0.0,31.11111,67.82859,1.179132e+08,4.535123e+06,1.5991822e+07,5.8986372e+07,48.0,7.0,0.0,0.0,560.0,0.228982,2.0,0.0,0.0,23.0,59.0,0.0,0.0,14.0,29200.0,7.0,20.0,31.11111,31.11111,20.74074,0.228982,7.123884,3.5262158,2.1802046,257.0,,0.6666667,0.25925925,BENIGN
8.8273336e+07,2.0,91.0,58.0,33.0,45.5,17.67767,8.822405e+07,8.822405e+07,0.0,8.822405e+07,8.822405e+07,0.0,0.0,0.0,16.0,0.022656899,0.0,0.0,0.0,0.0,0.0,0.0,0.0,22.0,0.0,1.0,8.0,45.5,45.5,8.0,0.022656899,1.0308889,0.0,0.3885202,25.0,,0.17582418,0.5,BENIGN
48071.0,2.0,70.0,35.0,35.0,35.0,0.0,1.0,1.0,0.0,1.0,1.0,0.0,0.0,0.0,16.0,41.605125,0.0,0.0,0.0,0.0,0.0,0.0,0.0,17.0,0.0,1.0,8.0,35.0,35.0,8.0,41.605125,1456.1794,0.0,0.0,0.0,,0.22857143,0.5,BENIGN
173.0,2.0,66.0,33.0,33.0,33.0,0.0,48.0,48.0,0.0,48.0,48.0,0.0,0.0,0.0,16.0,11560.693,0.0,0.0,0.0,0.0,0.0,0.0,0.0,16.0,0.0,1.0,8.0,33.0,33.0,8.0,11560.693,381502.88,0.0,0.0,0.0,,0.24242425,0.5,BENIGN
1.1071473e+08,34.0,2653.0,454.0,0.0,78.02941,100.46482,1.10637416e+08,3.352649e+06,1.1328453e+07,5.8380744e+07,47.0,21.0,0.0,0.0,692.0,0.30709556,2.0,0.0,0.0,50.0,81.0,0.0,0.0,32.0,8192.0,21.0,20.0,78.02941,78.02941,20.352942,0.30709556,23.962484,3.3789558,1.287525,454.0,,0.26083678,0.61764705,BENIGN
267595.0,8.0,358.0,201.0,0.0,44.75,76.7347,267595.0,38227.855,45793.348,89339.0,220.0,3.0,0.0,1.0,172.0,29.895926,2.0,2.0,1.0,5.0,14.0,0.0,0.0,23.0,8192.0,3.0,20.0,44.75,44.75,21.5,29.895926,1337.8427,1.1979052,1.714742,201.0,,0.48044693,0.375,BENIGN
47510.0,1.0,43.0,43.0,43.0,43.0,0.0,0.0,0.0,0.0,0.0,0.0,0.0,0.0,0.0,8.0,21.0482,0.0,0.0,0.0,0.0,0.0,0.0,0.0,21.0,0.0,0.0,8.0,43.0,43.0,8.0,21.0482,905.07263,,0.0,0.0,,0.18604651,0.0,BENIGN
120514.0,2.0,76.0,38.0,38.0,38.0,0.0,1.0,1.0,0.0,1.0,1.0,0.0,0.0,0.0,16.0,16.595583,0.0,0.0,0.0,0.0,0.0,0.0,0.0,19.0,0.0,1.0,8.0,38.0,38.0,8.0,16.595583,630.63214,0.0,0.0,0.0,,0.21052632,0.5,BENIGN
702130.0,9.0,1118.0,773.0,0.0,124.22222,254.55391,531804.0,66475.5,90530.88,179306.0,27.0,3.0,0.0,0.0,296.0,12.818139,2.0,2.0,0.0,6.0,16.0,0.0,0.0,65.0,29200.0,3.0,32.0,124.22222,124.22222,32.88889,12.818139,1592.2977,1.3618684,2.0491817,773.0,,0.2647585,0.33333334,BENIGN
24173.0,2.0,72.0,36.0,36.0,36.0,0.0,3.0,3.0,0.0,3.0,3.0,0.0,0.0,0.0,16.0,82.73694,0.0,0.0,0.0,0.0,0.0,0.0,0.0,18.0,0.0,1.0,8.0,36.0,36.0,8.0,82.73694,2978.5298,0.0,0.0,0.0,,0.22222222,0.5,BENIGN
7.286526e+06,12.0,3849.0,1503.0,0.0,320.75,501.2753,7.286526e+06,662411.44,1.6579034e+06,5.644629e+06,48.0,6.0,0.0,0.0,392.0,1.6468754,2.0,2.0,0.0,10.0,20.0,0.0,0.0,183.0,29200.0,6.0,32.0,320.75,320.75,32.666668,1.6468754,528.2353,2.5028303,1.5628225,1503.0,,0.10184464,0.5,BENIGN
47997.0,8.0,356.0,356.0,0.0,44.5,125.865005,47997.0,6856.7144,6791.279,15991.0,1.0,1.0,0.0,3.0,228.0,166.67708,2.0,2.0,3.0,2.0,10.0,0.0,0.0,25.0,29200.0,1.0,20.0,44.5,44.5,28.5,166.67708,7417.1304,0.9904567,2.828427,356.0,,0.64044946,0.125,DoS Hulk
181672.0,18.0,1595.0,998.0,0.0,88.611115,235.00742,181672.0,10686.588,10615.996,27203.0,3.0,7.0,0.0,1.0,372.0,99.07966,2.0,1.0,1.0,15.0,36.0,0.0,0.0,43.0,8192.0,7.0,20.0,88.611115,88.611115,20.666666,99.07966,8779.559,0.9933944,2.6521213,998.0,,0.23322885,0.3888889,BENIGN
4.133924e+06,8.0,20.0,20.0,0.0,2.5,7.071068,4.133924e+06,590560.56,1.5457662e+06,4.095923e+06,1.0,1.0,0.0,1.0,172.0,1.9352074,2.0,1.0,1.0,2.0,13.0,0.0,0.0,1.0,8192.0,1.0,20.0,2.5,2.5,21.5,1.9352074,4.8380184,2.617456,2.828427,20.0,,8.6,0.125,DDoS
239925.0,19.0,1010.0,517.0,0.0,53.157894,151.21077,216206.0,12011.444,14429.386,41720.0,35.0,3.0,0.0,0.0,392.0,79.191414,2.0,2.0,0.0,5.0,49.0,0.0,0.0,20.0,8192.0,3.0,20.0,53.157894,53.157894,20.631578,79.191414,4209.649,1.2013031,2.844559,517.0,,0.3881188,0.15789473,BENIGN
143619.0,2.0,68.0,34.0,34.0,34.0,0.0,49.0,49.0,0.0,49.0,49.0,0.0,0.0,0.0,16.0,13.9257345,0.0,0.0,0.0,0.0,0.0,0.0,0.0,17.0,0.0,1.0,8.0,34.0,34.0,8.0,13.9257345,473.47495,0.0,0.0,0.0,,0.23529412,0.5,BENIGN
1.12675096e+08,12.0,0.0,0.0,0.0,0.0,0.0,1.12640056e+08,1.0240005e+07,15.503665,1.0240035e+07,1.023997e+07,0.0,0.0,0.0,384.0,0.10650091,0.0,0.0,0.0,0.0,24.0,0.0,0.0,0.0,319.0,0.0,32.0,0.0,0.0,32.0,0.10650091,0.0,1.514029e-06,,0.0,,,0.0,BENIGN
65726.0,2.0,68.0,34.0,34.0,34.0,0.0,1.0,1.0,0.0,1.0,1.0,0.0,0.0,0.0,16.0,30.429358,0.0,0.0,0.0,0.0,0.0,0.0,0.0,17.0,0.0,1.0,8.0,34.0,34.0,8.0,30.429358,1034.5981,0.0,0.0,0.0,,0.23529412,0.5,BENIGN
210008.0,7.0,376.0,376.0,0.0,53.714287,142.11464,210008.0,35001.332,71038.125,177990.0,3.0,1.0,0.0,2.0,220.0,33.33206,2.0,1.0,2.0,2.0,11.0,0.0,0.0,28.0,29200.0,1.0,20.0,53.714287,53.714287,31.428572,33.33206,1790.408,2.0295835,2.6457512,376.0,,0.5851064,0.14285715,DoS Hulk
31144.0,4.0,136.0,34.0,34.0,34.0,0.0,24565.0,8188.3335,14176.547,24558.0,3.0,0.0,0.0,0.0,32.0,128.43565,0.0,0.0,0.0,0.0,0.0,0.0,0.0,22.0,0.0,3.0,8.0,34.0,34.0,8.0,128.43565,4366.812,1.7313104,0.0,0.0,,0.23529412,0.75,BENIGN
180337.0,4.0,160.0,40.0,40.0,40.0,0.0,30126.0,10042.0,17388.059,30120.0,3.0,0.0,0.0,0.0,32.0,22.180695,0.0,0.0,0.0,0.0,0.0,0.0,0.0,26.0,0.0,3.0,8.0,40.0,40.0,8.0,22.180695,887.2278,1.7315334,0.0,0.0,,0.2,0.75,BENIGN
30810.0,1.0,46.0,46.0,46.0,46.0,0.0,0.0,0.0,0.0,0.0,0.0,0.0,0.0,0.0,8.0,32.456993,0.0,0.0,0.0,0.0,0.0,0.0,0.0,23.0,0.0,0.0,8.0,46.0,46.0,8.0,32.456993,1493.0217,,0.0,0.0,,0.17391305,0.0,BENIGN
2.526643e+06,11.0,851.0,267.0,0.0,77.36364,98.15831,2.431625e+06,243162.5,275293.22,726695.0,181.0,5.0,0.0,0.0,360.0,4.353603,2.0,2.0,0.0,8.0,22.0,0.0,0.0,37.0,29200.0,5.0,32.0,77.36364,77.36364,32.727272,4.353603,336.81055,1.1321368,1.2687913,267.0,,0.42303172,0.45454547,BENIGN
174886.0,7.0,328.0,328.0,0.0,46.857143,123.97234,174886.0,29147.666,59972.547,150982.0,1.0,1.0,0.0,2.0,208.0,40.026073,2.0,2.0,2.0,2.0,10.0,0.0,0.0,25.0,29200.0,1.0,20.0,46.857143,46.857143,29.714285,40.026073,1875.5074,2.057542,2.6457512,328.0,,0.63414633,0.14285715,DoS Hulk
4.919889e+06,9.0,20.0,20.0,0.0,2.2222223,6.6666665,4.919889e+06,614986.1,1.6430728e+06,4.677799e+06,3.0,1.0,0.0,1.0,204.0,1.8293096,2.0,2.0,1.0,3.0,15.0,0.0,0.0,1.0,8192.0,1.0,20.0,2.2222223,2.2222223,22.666666,1.8293096,4.065132,2.6717234,2.9999998,20.0,,10.2,0.11111111,DDoS
209881.0,2.0,90.0,45.0,45.0,45.0,0.0,1.0,1.0,0.0,1.0,1.0,0.0,0.0,0.0,16.0,9.529209,0.0,0.0,0.0,0.0,0.0,0.0,0.0,22.0,0.0,1.0,8.0,45.0,45.0,8.0,9.529209,428.81442,0.0,0.0,0.0,,0.17777778,0.5,BENIGN
94890.0,1.0,49.0,49.0,49.0,49.0,0.0,0.0,0.0,0.0,0.0,0.0,0.0,0.0,0.0,8.0,10.538518,0.0,0.0,0.0,0.0,0.0,0.0,0.0,24.0,0.0,0.0,8.0,49.0,49.0,8.0,10.538518,516.3874,,0.0,0.0,,0.1632653,0.0,BENIGN
228.0,2.0,82.0,41.0,41.0,41.0,0.0,1.0,1.0,0.0,1.0,1.0,0.0,0.0,0.0,16.0,8771.93,0.0,0.0,0.0,0.0,0.0,0.0,0.0,20.0,0.0,1.0,8.0,41.0,41.0,8.0,8771.93,359649.12,0.0,0.0,0.0,,0.19512194,0.5,BENIGN
1.1955161e+07,16.0,14884.0,2878.0,0.0,930.25,1022.18274,1.1922925e+07,794861.7,2.5277532e+06,9.876371e+06,47.0,4.0,0.0,0.0,332.0,1.3383341,2.0,2.0,0.0,8.0,29.0,0.0,0.0,496.0,8192.0,9.0,20.0,930.25,930.25,20.75,1.3383341,1244.9854,3.1801171,1.0988258,2878.0,,0.022305831,0.5625,BENIGN
173.0,2.0,64.0,32.0,32.0,32.0,0.0,4.0,4.0,0.0,4.0,4.0,0.0,0.0,0.0,16.0,11560.693,0.0,0.0,0.0,0.0,0.0,0.0,0.0,16.0,0.0,1.0,8.0,32.0,32.0,8.0,11560.693,369942.2,0.0,0.0,0.0,,0.25,0.5,BENIGN
8.680733e+07,12.0,1012.0,757.0,0.0,84.333336,216.83649,8.680733e+07,7.8915755e+06,2.6118666e+07,8.664229e+07,49.0,5.0,0.0,0.0,396.0,0.13823718,2.0,3.0,0.0,7.0,18.0,0.0,0.0,53.0,65535.0,5.0,32.0,84.333336,84.333336,33.0,0.13823718,11.658002,3.3096898,2.5711834,757.0,,0.39130434,0.41666666,BENIGN
1.457825e+06,11.0,539.0,202.0,0.0,49.0,79.76842,1.457825e+06,145782.5,139087.95,463524.0,4.0,4.0,0.0,0.0,232.0,7.5454874,2.0,2.0,0.0,8.0,19.0,0.0,0.0,26.0,8192.0,4.0,20.0,49.0,49.0,21.09091,7.5454874,369.72888,0.95407856,1.6279268,202.0,,0.43042672,0.36363637,BENIGN
680626.0,15.0,1136.0,885.0,0.0,75.73333,227.63237,680626.0,48616.145,87828.29,321000.0,0.0,5.0,0.0,4.0,444.0,22.038534,2.0,3.0,4.0,8.0,21.0,0.0,0.0,43.0,65535.0,5.0,20.0,75.73333,75.73333,29.6,22.038534,1669.0518,1.8065664,3.0057092,885.0,,0.39084506,0.33333334,BENIGN
24358.0,2.0,74.0,37.0,37.0,37.0,0.0,1.0,1.0,0.0,1.0,1.0,0.0,0.0,0.0,16.0,82.10855,0.0,0.0,0.0,0.0,0.0,0.0,0.0,18.0,0.0,1.0,8.0,37.0,37.0,8.0,82.10855,3038.0164,0.0,0.0,0.0,,0.21621622,0.5,BENIGN
53811.0,1.0,50.0,50.0,50.0,50.0,0.0,0.0,0.0,0.0,0.0,0.0,0.0,0.0,0.0,8.0,18.58356,0.0,0.0,0.0,0.0,0.0,0.0,0.0,25.0,0.0,0.0,8.0,50.0,50.0,8.0,18.58356,929.17804,,0.0,0.0,,0.16,0.0,BENIGN
